{
  "short": {
    "0.25": {
      "mean": 0.6451805956109979,
      "std": 0.025106912066279814,
      "per_seed": [
        0.6607833167989419,
        0.665000818405824,
        0.6097576516282279
      ]
    },
    "0.5": {
      "mean": 0.6402214722827052,
      "std": 0.025396082940656647,
      "per_seed": [
        0.6540682870370371,
        0.6619972083415806,
        0.6045989214694978
      ]
    },
    "1.0": {
      "mean": 0.6294055198817922,
      "std": 0.02936719728124367,
      "per_seed": [
        0.6499900793650795,
        0.6503519236494208,
        0.5878745566308762
      ]
    },
    "1.5": {
      "mean": 0.6254923768563311,
      "std": 0.041696272049892125,
      "per_seed": [
        0.652520667989418,
        0.6573651486020126,
        0.5665913139775627
      ]
    },
    "2.0": {
      "mean": 0.5907680596335839,
      "std": 0.047621431804246966,
      "per_seed": [
        0.6188392857142857,
        0.6297485370788054,
        0.5237163561076604
      ]
    }
  },
  "long": {
    "0.25": {
      "mean": 0.8551085203635665,
      "std": 0.031222275553107498,
      "per_seed": [
        0.8887764213743692,
        0.8135339136983873,
        0.8630152260179433
      ]
    },
    "0.5": {
      "mean": 0.820478924280056,
      "std": 0.02823916437004677,
      "per_seed": [
        0.8470249366098247,
        0.7813668483076378,
        0.8330449879227053
      ]
    },
    "1.0": {
      "mean": 0.8217654211030917,
      "std": 0.020318463157303505,
      "per_seed": [
        0.8479280651458823,
        0.7983934742158427,
        0.81897472394755
      ]
    },
    "1.5": {
      "mean": 0.7980540181300414,
      "std": 0.06404630095775397,
      "per_seed": [
        0.8668713023260598,
        0.7126450912635123,
        0.8146456608005521
      ]
    },
    "2.0": {
      "mean": 0.7961249788307719,
      "std": 0.043213951725707134,
      "per_seed": [
        0.7802437836486344,
        0.7529577573985469,
        0.8551733954451346
      ]
    }
  },
  "analysis": {
    "short_range": 0.05441253597741402,
    "long_range": 0.058983541532794614,
    "range_increase": 0.004571005555380592,
    "hypothesis_supported": false,
    "short_best_mult": 0.25,
    "long_best_mult": 0.25
  }
}