{
  "D": {
    "0.005": {
      "mean": 0.6362753527336861,
      "std": 0.05928039529594748,
      "per_seed": [
        0.6918650793650793,
        0.6628273809523809,
        0.554133597883598
      ]
    },
    "0.01": {
      "mean": 0.6352794312169312,
      "std": 0.05970462077061573,
      "per_seed": [
        0.6920138888888889,
        0.6610681216931217,
        0.5527562830687831
      ]
    },
    "0.015": {
      "mean": 0.6382236552028219,
      "std": 0.05755682010692388,
      "per_seed": [
        0.6908234126984127,
        0.6657208994708994,
        0.5581266534391535
      ]
    },
    "0.02": {
      "mean": 0.6401240079365079,
      "std": 0.05838496004326612,
      "per_seed": [
        0.6968253968253969,
        0.6637533068783068,
        0.5597933201058201
      ]
    }
  },
  "B": {
    "0.005": {
      "mean": 0.45115347064751826,
      "std": 0.06842222928815381,
      "per_seed": [
        0.4851686507936508,
        0.5125973167044595,
        0.3556944444444444
      ]
    },
    "0.01": {
      "mean": 0.45201325900730654,
      "std": 0.06736988851085918,
      "per_seed": [
        0.48412698412698413,
        0.5136389833711262,
        0.3582738095238095
      ]
    },
    "0.015": {
      "mean": 0.452599678760393,
      "std": 0.06790925370190443,
      "per_seed": [
        0.48412698412698413,
        0.5153982426303855,
        0.3582738095238095
      ]
    },
    "0.02": {
      "mean": 0.45279698916603683,
      "std": 0.06811535814293165,
      "per_seed": [
        0.4839781746031746,
        0.5161389833711263,
        0.3582738095238095
      ]
    }
  },
  "gaps": {
    "0.005": 0.1851218820861678,
    "0.01": 0.18326617220962466,
    "0.015": 0.1856239764424289,
    "0.02": 0.1873270187704711
  },
  "analysis": {
    "detection_floor": 0.005,
    "d_above_b_at_all_shifts": true,
    "gap_trend": "widening",
    "weakest_tested": 0.005
  }
}